{
    "PSNR_cond": 37.2635817527771,
    "SSIM_cond": 0.9907657504081726,
    "LPIPS_cond": 0.009793835692107677,
    "PSNR_novel": 28.503020659531696,
    "SSIM_novel": 0.9425695975228111,
    "LPIPS_novel": 0.06425691298255236
}